{"cameraMode":{"drawMode":0,"name":"Shaded","section":"Shading Mode"},"sceneLighting":true,"audioPlay":false,"sceneViewState":{"m_AlwaysRefresh":false,"showFog":true,"showSkybox":true,"showFlares":true,"showImageEffects":true,"showParticleSystems":true,"showVisualEffectGraphs":true,"m_FxEnabled":true},"in2DMode":false,"pivot":{"x":0.7845556735992432,"y":2.6110775470733644,"z":-0.30406761169433596},"rotation":{"x":-0.04434644430875778,"y":0.8212857842445374,"z":-0.06444624066352844,"w":-0.5651323199272156},"size":0.5579522848129273,"orthographic":false}