{"cameraMode":{"drawMode":0,"name":"Shaded","section":"Shading Mode"},"sceneLighting":true,"audioPlay":false,"sceneViewState":{"m_AlwaysRefresh":false,"showFog":true,"showSkybox":true,"showFlares":true,"showImageEffects":true,"showParticleSystems":true,"showVisualEffectGraphs":true,"m_FxEnabled":true},"in2DMode":false,"pivot":{"x":2.0326216220855715,"y":1.3783000707626343,"z":0.21588349342346192},"rotation":{"x":-0.38351285457611086,"y":0.5510073304176331,"z":-0.3149816393852234,"w":-0.6708935499191284},"size":0.5579522848129273,"orthographic":false}